Company Name,Industry,Symbol,Series,ISIN Code
3M India Ltd.,SERVICES,3MINDIA,EQ,INE470A01017
ABB India Ltd.,INDUSTRIAL MANUFACTURING,ABB,EQ,INE117A01022
ABG Shipyard Ltd.,INDUSTRIAL MANUFACTURING,ABGSHIP,EQ,INE067H01016
ACC Ltd.,CEMENT & CEMENT PRODUCTS,ACC,EQ,INE012A01025
AIA Engineering Ltd.,INDUSTRIAL MANUFACTURING,AIAENG,EQ,INE212H01026
Aarti Industries Ltd.,CHEMICALS,AARTIIND,EQ,INE769A01020
Aban Offshore Ltd.,ENERGY,ABAN,EQ,INE421A01028
Adani Ports and Special Economic Zone Ltd.,SERVICES,ADANIPORTS,EQ,INE742F01042
Adani Power Ltd.,ENERGY,ADANIPOWER,EQ,INE814H01011
Adlabs Entertainment Ltd.,SERVICES,ADLABS,EQ,INE172N01012
Advanta Ltd.,CONSUMER GOODS,ADVANTA,EQ,INE517H01028
Agro Tech Foods Ltd.,CONSUMER GOODS,ATFL,EQ,INE209A01019
Ajanta Pharmaceuticals Ltd.,PHARMA,AJANTPHARM,EQ,INE031B01049
Akzo Nobel India Ltd.,CONSUMER GOODS,AKZOINDIA,EQ,INE133A01011
Alembic Pharmaceuticals Ltd.,PHARMA,APLLTD,EQ,INE901L01018
Allahabad Bank,FINANCIAL SERVICES,ALBK,EQ,INE428A01015
Allcargo Logistics Ltd.,SERVICES,ALLCARGO,EQ,INE418H01029
Alok Industries Ltd.,TEXTILES,ALOKTEXT,EQ,INE270A01011
Alstom India Ltd.,INDUSTRIAL MANUFACTURING,AIL,EQ,INE878A01011
Alstom T&D India Ltd.,INDUSTRIAL MANUFACTURING,ALSTOMT&D,EQ,INE200A01026
Amara Raja Batteries Ltd.,AUTOMOBILE,AMARAJABAT,EQ,INE885A01032
Ambuja Cements Ltd.,CEMENT & CEMENT PRODUCTS,AMBUJACEM,EQ,INE079A01024
Amtek Auto Ltd.,AUTOMOBILE,AMTEKAUTO,EQ,INE130C01021
Anant Raj Ltd.,CONSTRUCTION,ANANTRAJ,EQ,INE242C01024
Andhra Bank,FINANCIAL SERVICES,ANDHRABANK,EQ,INE434A01013
Apar Industries Ltd.,INDUSTRIAL MANUFACTURING,APARINDS,EQ,INE372A01015
Apollo Hospitals Enterprises Ltd.,HEALTHCARE SERVICES,APOLLOHOSP,EQ,INE437A01024
Apollo Tyres Ltd.,AUTOMOBILE,APOLLOTYRE,EQ,INE438A01022
Arvind Ltd.,TEXTILES,ARVIND,EQ,INE034A01011
Asahi India Glass Ltd.,AUTOMOBILE,ASAHIINDIA,EQ,INE439A01020
Ashok Leyland Ltd.,AUTOMOBILE,ASHOKLEY,EQ,INE208A01029
Ashoka Buildcon Ltd.,CONSTRUCTION,ASHOKA,EQ,INE442H01029
Asian Paints Ltd.,CONSUMER GOODS,ASIANPAINT,EQ,INE021A01026
AstraZenca Pharma India Ltd.,PHARMA,ASTRAZEN,EQ,INE203A01020
Astral Poly Technik Ltd.,INDUSTRIAL MANUFACTURING,ASTRAL,EQ,INE006I01046
Atul Ltd.,CHEMICALS,ATUL,EQ,INE100A01010
Aurobindo Pharma Ltd.,PHARMA,AUROPHARMA,EQ,INE406A01037
Automotive Axles Ltd.,AUTOMOBILE,AUTOAXLES,EQ,INE449A01011
Axis Bank Ltd.,FINANCIAL SERVICES,AXISBANK,EQ,INE238A01034
BASF India Ltd.,CHEMICALS,BASF,EQ,INE373A01013
BEML Ltd.,INDUSTRIAL MANUFACTURING,BEML,EQ,INE258A01016
BF Utilities Ltd.,CONSTRUCTION,BFUTILITIE,EQ,INE243D01012
Bajaj Auto Ltd.,AUTOMOBILE,BAJAJ-AUTO,EQ,INE917I01010
Bajaj Corp Ltd.,CONSUMER GOODS,BAJAJCORP,EQ,INE933K01021
Bajaj Electricals Ltd,CONSUMER GOODS,BAJAJELEC,EQ,INE193E01025
Bajaj Finance Ltd.,FINANCIAL SERVICES,BAJFINANCE,EQ,INE296A01016
Bajaj Finserv Ltd.,FINANCIAL SERVICES,BAJAJFINSV,EQ,INE918I01018
Bajaj Hindusthan Sugar Ltd.,CONSUMER GOODS,BAJAJHIND,EQ,INE306A01021
Bajaj Holdings & Investment Ltd.,FINANCIAL SERVICES,BAJAJHLDNG,EQ,INE118A01012
Balkrishna Industries Ltd.,AUTOMOBILE,BALKRISIND,EQ,INE787D01026
Ballarpur Industries Ltd.,PAPER,BALLARPUR,EQ,INE294A01037
Balmer Lawrie & Co. Ltd.,SERVICES,BALMLAWRIE,EQ,INE164A01016
Balrampur Chini Mills Ltd.,CONSUMER GOODS,BALRAMCHIN,EQ,INE119A01028
Bank of Baroda,FINANCIAL SERVICES,BANKBARODA,EQ,INE028A01039
Bank of India,FINANCIAL SERVICES,BANKINDIA,EQ,INE084A01016
Bata India Ltd.,CONSUMER GOODS,BATAINDIA,EQ,INE176A01028
Berger Paints India Ltd.,CONSUMER GOODS,BERGEPAINT,EQ,INE463A01038
Bharat Electronics Ltd.,INDUSTRIAL MANUFACTURING,BEL,EQ,INE263A01016
Bharat Forge Ltd.,INDUSTRIAL MANUFACTURING,BHARATFORG,EQ,INE465A01025
Bharat Heavy Electricals Ltd.,INDUSTRIAL MANUFACTURING,BHEL,EQ,INE257A01026
Bharat Petroleum Corporation Ltd.,ENERGY,BPCL,EQ,INE029A01011
Bharti Airtel Ltd.,TELECOM,BHARTIARTL,EQ,INE397D01024
Bharti Infratel Ltd.,TELECOM,INFRATEL,EQ,INE121J01017
Bhushan Steel Ltd.,METALS,BHUSANSTL,EQ,INE824B01021
Biocon Ltd.,PHARMA,BIOCON,EQ,INE376G01013
Birla Corporation Ltd.,CEMENT & CEMENT PRODUCTS,BIRLACORPN,EQ,INE340A01012
Blue Dart Express Ltd.,SERVICES,BLUEDART,EQ,INE233B01017
Blue Star Ltd.,CONSUMER GOODS,BLUESTARCO,EQ,INE472A01039
Bombay Burmah Trading Corporation Ltd.,CONSUMER GOODS,BBTC,EQ,INE050A01025
Bombay Dyeing & Manufacturing Co. Ltd.,TEXTILES,BOMDYEING,EQ,INE032A01023
Bosch Ltd.,AUTOMOBILE,BOSCHLTD,EQ,INE323A01026
Brigade Enterprises Ltd.,CONSTRUCTION,BRIGADE,EQ,INE791I01019
Britannia Industries Ltd.,CONSUMER GOODS,BRITANNIA,EQ,INE216A01022
CARE Ltd.,FINANCIAL SERVICES,CARERATING,EQ,INE752H01013
CESC Ltd.,ENERGY,CESC,EQ,INE486A01013
CRISIL Ltd.,FINANCIAL SERVICES,CRISIL,EQ,INE007A01025
Cadila Healthcare Ltd.,PHARMA,CADILAHC,EQ,INE010B01027
Cairn India Ltd.,ENERGY,CAIRN,EQ,INE910H01017
Camlin Fine Sciences Ltd.,CHEMICALS,CAMLINFINE,EQ,INE052I01032
Can Fin Homes Ltd.,FINANCIAL SERVICES,CANFINHOME,EQ,INE477A01012
Canara Bank,FINANCIAL SERVICES,CANBK,EQ,INE476A01014
Capital First Ltd.,FINANCIAL SERVICES,CAPF,EQ,INE688I01017
Carborundum Universal Ltd.,INDUSTRIAL MANUFACTURING,CARBORUNIV,EQ,INE120A01034
Castex Technologies Ltd.,AUTOMOBILE,CASTEXTECH,EQ,INE068D01021
Castrol India Ltd.,ENERGY,CASTROLIND,EQ,INE172A01027
Ceat Ltd.,AUTOMOBILE,CEATLTD,EQ,INE482A01020
Central Bank of India,FINANCIAL SERVICES,CENTRALBK,EQ,INE483A01010
Century Enka Ltd.,TEXTILES,CENTENKA,EQ,INE485A01015
Century Plyboards (India) Ltd.,CONSUMER GOODS,CENTURYPLY,EQ,INE348B01021
Century Textile & Industries Ltd.,CEMENT & CEMENT PRODUCTS,CENTURYTEX,EQ,INE055A01016
Chambal Fertilizers & Chemicals Ltd.,FERTILISERS & PESTICIDES,CHAMBLFERT,EQ,INE085A01013
Chennai Petroleum Corporation Ltd.,ENERGY,CHENNPETRO,EQ,INE178A01016
Cholamandalam Investment and Finance Company Ltd.,FINANCIAL SERVICES,CHOLAFIN,EQ,INE121A01016
Cipla Ltd.,PHARMA,CIPLA,EQ,INE059A01026
City Union Bank Ltd.,FINANCIAL SERVICES,CUB,EQ,INE491A01021
Clariant Chemicals (India) Ltd.,CHEMICALS,CLNINDIA,EQ,INE492A01029
Coal India Ltd.,METALS,COALINDIA,EQ,INE522F01014
Colgate Palmolive (India) Ltd.,CONSUMER GOODS,COLPAL,EQ,INE259A01022
Container Corporation of India Ltd.,SERVICES,CONCOR,EQ,INE111A01017
Coromandel International Ltd.,FERTILISERS & PESTICIDES,COROMANDEL,EQ,INE169A01031
Corporation Bank,FINANCIAL SERVICES,CORPBANK,EQ,INE112A01023
Cox & Kings Ltd.,SERVICES,COX&KINGS,EQ,INE008I01026
Cummins India Ltd.,INDUSTRIAL MANUFACTURING,CUMMINSIND,EQ,INE298A01020
Cyient Ltd.,IT,CYIENT,EQ,INE136B01020
D B Realty Ltd.,CONSTRUCTION,DBREALTY,EQ,INE879I01012
D.B.Corp Ltd.,MEDIA & ENTERTAINMENT,DBCORP,EQ,INE950I01011
DCB Bank Ltd.,FINANCIAL SERVICES,DCBBANK,EQ,INE503A01015
DCM Shriram Ltd.,CONSUMER GOODS,DCMSHRIRAM,EQ,INE499A01024
DLF Ltd.,CONSTRUCTION,DLF,EQ,INE271C01023
Dabur India Ltd.,CONSUMER GOODS,DABUR,EQ,INE016A01026
Deepak Fertilisers & Petrochemicals Corp. Ltd.,CHEMICALS,DEEPAKFERT,EQ,INE501A01019
Delta Corp Ltd.,CONSTRUCTION,DELTACORP,EQ,INE124G01033
Den Networks Ltd.,MEDIA & ENTERTAINMENT,DEN,EQ,INE947J01015
Dena Bank,FINANCIAL SERVICES,DENABANK,EQ,INE077A01010
Dewan Housing Finance Corporation Ltd.,FINANCIAL SERVICES,DHFL,EQ,INE202B01012
Dhanlaxmi Bank Ltd.,FINANCIAL SERVICES,DHANBANK,EQ,INE680A01011
Dishman Pharmaceuticals & Chemicals Ltd.,PHARMA,DISHMAN,EQ,INE353G01020
Divi's Laboratories Ltd.,PHARMA,DIVISLAB,EQ,INE361B01024
Dr. Reddy's Laboratories Ltd.,PHARMA,DRREDDY,EQ,INE089A01023
Dredging Corporation of India Ltd.,SERVICES,DREDGECORP,EQ,INE506A01018
Dynamatic Technologies Ltd.,AUTOMOBILE,DYNAMATECH,EQ,INE221B01012
E.I.D. Parry (India) Ltd.,FERTILISERS & PESTICIDES,EIDPARRY,EQ,INE126A01031
EIH Ltd.,SERVICES,EIHOTEL,EQ,INE230A01023
ESAB India Ltd.,INDUSTRIAL MANUFACTURING,ESABINDIA,EQ,INE284A01012
Edelweiss Financial Services Ltd.,FINANCIAL SERVICES,EDELWEISS,EQ,INE532F01054
Eicher Motors Ltd.,AUTOMOBILE,EICHERMOT,EQ,INE066A01013
Electrosteel Castings Ltd.,INDUSTRIAL MANUFACTURING,ELECTCAST,EQ,INE086A01029
Elgi Equipments Ltd.,INDUSTRIAL MANUFACTURING,ELGIEQUIP,EQ,INE285A01027
Emami Ltd.,CONSUMER GOODS,EMAMILTD,EQ,INE548C01032
Engineers India Ltd.,CONSTRUCTION,ENGINERSIN,EQ,INE510A01028
Entertainment Network India Ltd.,MEDIA & ENTERTAINMENT,ENIL,EQ,INE265F01028
Eros Intl Media Ltd.,MEDIA & ENTERTAINMENT,EROSMEDIA,EQ,INE416L01017
Escorts Ltd.,AUTOMOBILE,ESCORTS,EQ,INE042A01014
Ess Dee Aluminium Ltd.,INDUSTRIAL MANUFACTURING,ESSDEE,EQ,INE825H01017
Essel Propack Ltd.,INDUSTRIAL MANUFACTURING,ESSELPACK,EQ,INE255A01020
Eveready Industries India Ltd.,CONSUMER GOODS,EVEREADY,EQ,INE128A01029
Exide Industries Ltd.,AUTOMOBILE,EXIDEIND,EQ,INE302A01020
FDC Ltd.,PHARMA,FDC,EQ,INE258B01022
Fag Bearings India Ltd.,INDUSTRIAL MANUFACTURING,FAGBEARING,EQ,INE513A01014
Federal Bank Ltd.,FINANCIAL SERVICES,FEDERALBNK,EQ,INE171A01029
Federal-Mogul Goetze (India) Ltd.,AUTOMOBILE,FMGOETZE,EQ,INE529A01010
Financial Technologies (India) Ltd.,IT,FINANTECH,EQ,INE111B01023
Finolex Cables Ltd.,INDUSTRIAL MANUFACTURING,FINCABLES,EQ,INE235A01022
Finolex Industries Ltd.,INDUSTRIAL MANUFACTURING,FINPIPE,EQ,INE183A01016
Firstsource Solutions Ltd.,IT,FSL,EQ,INE684F01012
Flexituff International Ltd.,INDUSTRIAL MANUFACTURING,FLEXITUFF,EQ,INE060J01017
Fortis Healthcare Ltd.,HEALTHCARE SERVICES,FORTIS,EQ,INE061F01013
Future Consumer Enterprise Ltd.,CONSUMER GOODS,FCEL,EQ,INE220J01025
Future Lifestyle Fashions Ltd.,CONSUMER GOODS,FLFL,EQ,INE452O01016
GAIL (India) Ltd.,ENERGY,GAIL,EQ,INE129A01019
GHCL Ltd.,CHEMICALS,GHCL,EQ,INE539A01019
GMR Infrastructure Ltd.,CONSTRUCTION,GMRINFRA,EQ,INE776C01039
GTL Infrastructure Ltd.,TELECOM,GTLINFRA,EQ,INE221H01019
GVK Power & Infrastructures Ltd.,CONSTRUCTION,GVKPIL,EQ,INE251H01024
Gabriel India Ltd.,AUTOMOBILE,GABRIEL,EQ,INE524A01029
Gammon Infrastructure Projects Ltd.,CONSTRUCTION,GAMMNINFRA,EQ,INE181G01025
Gateway Distriparks Ltd.,SERVICES,GDL,EQ,INE852F01015
Gati Ltd.,SERVICES,GATI,EQ,INE152B01027
Gayatri Projects Ltd.,CONSTRUCTION,GAYAPROJ,EQ,INE336H01015
Geojit BNP Paribas Financial Services Ltd.,FINANCIAL SERVICES,GEOJITBNPP,EQ,INE007B01023
Geometric Ltd.,IT,GEOMETRIC,EQ,INE797A01021
Gillette India Ltd.,CONSUMER GOODS,GILLETTE,EQ,INE322A01010
Gitanjali Gems Ltd.,CONSUMER GOODS,GITANJALI,EQ,INE346H01014
GlaxoSmithkline Consumer Healthcare Ltd.,CONSUMER GOODS,GSKCONS,EQ,INE264A01014
Glaxosmithkline Pharmaceuticals Ltd.,PHARMA,GLAXO,EQ,INE159A01016
Glenmark Pharmaceuticals Ltd.,PHARMA,GLENMARK,EQ,INE935A01035
Godfrey Phillips India Ltd.,CONSUMER GOODS,GODFRYPHLP,EQ,INE260B01028
Godrej Consumer Products Ltd.,CONSUMER GOODS,GODREJCP,EQ,INE102D01028
Godrej Industries Ltd.,CONSUMER GOODS,GODREJIND,EQ,INE233A01035
Godrej Properties Ltd.,CONSTRUCTION,GODREJPROP,EQ,INE484J01027
Graphite India Ltd.,INDUSTRIAL MANUFACTURING,GRAPHITE,EQ,INE371A01025
Grasim Industries Ltd.,CEMENT & CEMENT PRODUCTS,GRASIM,EQ,INE047A01013
Great Eastern Shipping Co. Ltd.,SERVICES,GESHIP,EQ,INE017A01032
Greaves Cotton Ltd.,INDUSTRIAL MANUFACTURING,GREAVESCOT,EQ,INE224A01026
Gruh Finance Ltd.,FINANCIAL SERVICES,GRUH,EQ,INE580B01029
Gujarat Alkalies & Chemicals Ltd.,CHEMICALS,GUJALKALI,EQ,INE186A01019
Gujarat Fluorochemicals Ltd.,CHEMICALS,GUJFLUORO,EQ,INE538A01037
Gujarat Industries Power Co. Ltd.,ENERGY,GIPCL,EQ,INE162A01010
Gujarat Mineral Development Corporation Ltd.,METALS,GMDCLTD,EQ,INE131A01031
Gujarat Narmada Valley Fertilizers and Chemicals Ltd.,CHEMICALS,GNFC,EQ,INE113A01013
Gujarat Pipavav Port Ltd.,SERVICES,GPPL,EQ,INE517F01014
Gujarat State Fertilizers & Chemicals Ltd.,FERTILISERS & PESTICIDES,GSFC,EQ,INE026A01025
Gujarat State Petronet Ltd.,ENERGY,GSPL,EQ,INE246F01010
Gulf Oil Lubricants India Ltd.,ENERGY,GULFOILLUB,EQ,INE635Q01029
H.E.G. Ltd.,INDUSTRIAL MANUFACTURING,HEG,EQ,INE545A01016
HCL Infosystems Ltd.,IT,HCL-INSYS,EQ,INE236A01020
HCL Technologies Ltd.,IT,HCLTECH,EQ,INE860A01027
HDFC Bank Ltd.,FINANCIAL SERVICES,HDFCBANK,EQ,INE040A01026
HSIL Ltd.,CONSUMER GOODS,HSIL,EQ,INE415A01038
HT Media Ltd.,MEDIA & ENTERTAINMENT,HTMEDIA,EQ,INE501G01024
Hathway Cable & Datacom Ltd.,MEDIA & ENTERTAINMENT,HATHWAY,EQ,INE982F01036
Havells India Ltd.,CONSUMER GOODS,HAVELLS,EQ,INE176B01034
Heritage Foods Ltd.,CONSUMER GOODS,HERITGFOOD,EQ,INE978A01019
Hero MotoCorp Ltd.,AUTOMOBILE,HEROMOTOCO,EQ,INE158A01026
Hexaware Technologies Ltd.,IT,HEXAWARE,EQ,INE093A01033
Himachal Fut Com Ltd.,TELECOM,HFCL,EQ,INE548A01028
Himatsingka Seide Ltd.,TEXTILES,HIMATSEIDE,EQ,INE049A01027
Hindalco Industries Ltd.,METALS,HINDALCO,EQ,INE038A01020
Hindustan Construction Co. Ltd.,CONSTRUCTION,HCC,EQ,INE549A01026
Hindustan Copper Ltd.,METALS,HINDCOPPER,EQ,INE531E01026
Hindustan Petroleum Corporation Ltd.,ENERGY,HINDPETRO,EQ,INE094A01015
Hindustan Unilever Ltd.,CONSUMER GOODS,HINDUNILVR,EQ,INE030A01027
Hindustan Zinc Ltd.,METALS,HINDZINC,EQ,INE267A01025
Honeywell Automation India Ltd.,INDUSTRIAL MANUFACTURING,HONAUT,EQ,INE671A01010
Housing Development Finance Corporation Ltd.,FINANCIAL SERVICES,HDFC,EQ,INE001A01036
Housing Development and Infrastructure Ltd.,CONSTRUCTION,HDIL,EQ,INE191I01012
I T C Ltd.,CONSUMER GOODS,ITC,EQ,INE154A01025
ICICI Bank Ltd.,FINANCIAL SERVICES,ICICIBANK,EQ,INE090A01021
ICRA Ltd.,FINANCIAL SERVICES,ICRA,EQ,INE725G01011
IDBI Bank Ltd.,FINANCIAL SERVICES,IDBI,EQ,INE008A01015
IFCI Ltd.,FINANCIAL SERVICES,IFCI,EQ,INE039A01010
IIFL Holdings Ltd.,FINANCIAL SERVICES,IIFL,EQ,INE530B01024
IL&FS Engineering and Construction Company Ltd.,CONSTRUCTION,IL&FSENGG,EQ,INE369I01014
IL&FS Transportation Networks Ltd.,SERVICES,IL&FSTRANS,EQ,INE975G01012
IRB Infrastructure Developers Ltd.,CONSTRUCTION,IRB,EQ,INE821I01014
ITD Cementation India Ltd.,CONSTRUCTION,ITDCEM,EQ,INE686A01026
IVRCL Ltd.,CONSTRUCTION,IVRCLINFRA,EQ,INE875A01025
Idea Cellular Ltd.,TELECOM,IDEA,EQ,INE669E01016
India Cements Ltd.,CEMENT & CEMENT PRODUCTS,INDIACEM,EQ,INE383A01012
Indiabulls Housing Finance Ltd.,FINANCIAL SERVICES,IBULHSGFIN,EQ,INE148I01020
Indiabulls Real Estate Ltd.,CONSTRUCTION,IBREALEST,EQ,INE069I01010
Indiabulls Ventures Ltd.,FINANCIAL SERVICES,IBVENTURES,EQ,INE274G01010
Indian Bank,FINANCIAL SERVICES,INDIANB,EQ,INE562A01011
Indian Hotels Co. Ltd.,SERVICES,INDHOTEL,EQ,INE053A01029
Indian Oil Corporation Ltd.,ENERGY,IOC,EQ,INE242A01010
Indian Overseas Bank ,FINANCIAL SERVICES,IOB,EQ,INE565A01014
Indraprastha Gas Ltd.,ENERGY,IGL,EQ,INE203G01019
IndusInd Bank Ltd.,FINANCIAL SERVICES,INDUSINDBK,EQ,INE095A01012
Info Edge (India) Ltd.,IT,NAUKRI,EQ,INE663F01024
Infosys Ltd.,IT,INFY,EQ,INE009A01021
Ingersoll Rand (India) Ltd.,INDUSTRIAL MANUFACTURING,INGERRAND,EQ,INE177A01018
Inox Leisure Ltd.,MEDIA & ENTERTAINMENT,INOXLEISUR,EQ,INE312H01016
Inox Wind Ltd.,INDUSTRIAL MANUFACTURING,INOXWIND,EQ,INE066P01011
Ipca Laboratories Ltd.,PHARMA,IPCALAB,EQ,INE571A01020
J.B. Chemicals & Pharmaceuticals Ltd.,PHARMA,JBCHEPHARM,EQ,INE572A01028
J.K. Cement Ltd.,CEMENT & CEMENT PRODUCTS,JKCEMENT,EQ,INE823G01014
J.Kumar Infraprojects Ltd.,CONSTRUCTION,JKIL,EQ,INE576I01022
JBF Industries Ltd.,TEXTILES,JBFIND,EQ,INE187A01017
JK Lakshmi Cement Ltd.,CEMENT & CEMENT PRODUCTS,JKLAKSHMI,EQ,INE786A01032
JK Tyre & Industries Ltd.,AUTOMOBILE,JKTYRE,EQ,INE573A01042
JM Financial Ltd.,FINANCIAL SERVICES,JMFINANCIL,EQ,INE780C01023
JSW Energy Ltd.,ENERGY,JSWENERGY,EQ,INE121E01018
JSW Holdings Ltd.,FINANCIAL SERVICES,JSWHL,EQ,INE824G01012
JSW Steel Ltd.,METALS,JSWSTEEL,EQ,INE019A01020
Jagran Prakashan Ltd.,MEDIA & ENTERTAINMENT,JAGRAN,EQ,INE199G01027
Jai Corp Ltd.,INDUSTRIAL MANUFACTURING,JAICORPLTD,EQ,INE070D01027
Jain Irrigation Systems Ltd.,INDUSTRIAL MANUFACTURING,JISLJALEQS,EQ,INE175A01038
Jaiprakash Associates Ltd.,CEMENT & CEMENT PRODUCTS,JPASSOCIAT,EQ,INE455F01025
Jaiprakash Power Ventures Ltd.,ENERGY,JPPOWER,EQ,INE351F01018
Jammu & Kashmir Bank Ltd.,FINANCIAL SERVICES,J&KBANK,EQ,INE168A01041
Jaypee Infratech Ltd.,SERVICES,JPINFRATEC,EQ,INE099J01015
Jindal Saw Ltd.,METALS,JINDALSAW,EQ,INE324A01024
Jindal Steel & Power Ltd.,METALS,JINDALSTEL,EQ,INE749A01030
Jubilant Foodworks Ltd.,CONSUMER GOODS,JUBLFOOD,EQ,INE797F01012
Jubilant Life Sciences Ltd.,PHARMA,JUBILANT,EQ,INE700A01033
Justdial Ltd.,IT,JUSTDIAL,EQ,INE599M01018
Jyothy Laboratories Ltd.,CONSUMER GOODS,JYOTHYLAB,EQ,INE668F01031
Jyoti Structures Ltd.,ENERGY,JYOTISTRUC,EQ,INE197A01024
K.P.R. Mill Ltd.,TEXTILES,KPRMILL,EQ,INE930H01015
KCP Ltd.,CEMENT & CEMENT PRODUCTS,KCP,EQ,INE805C01028
KNR Constructions Ltd.,CONSTRUCTION,KNRCON,EQ,INE634I01011
KPIT Technologies Ltd.,IT,KPIT,EQ,INE836A01035
KRBL Ltd.,CONSUMER GOODS,KRBL,EQ,INE001B01026
KSB Pumps Ltd.,INDUSTRIAL MANUFACTURING,KSBPUMPS,EQ,INE999A01015
KSK Energy Ventures Ltd,ENERGY,KSK,EQ,INE143H01015
Kajaria Ceramics Ltd.,CONSTRUCTION,KAJARIACER,EQ,INE217B01028
Kalpataru Power Transmission Ltd.,ENERGY,KALPATPOWR,EQ,INE220B01022
Kansai Nerolac Paints Ltd.,CONSUMER GOODS,KANSAINER,EQ,INE531A01024
Karnataka Bank Ltd.,FINANCIAL SERVICES,KTKBANK,EQ,INE614B01018
Karur Vysya Bank Ltd.,FINANCIAL SERVICES,KARURVYSYA,EQ,INE036D01010
Kaveri Seed Company Ltd.,CONSUMER GOODS,KSCL,EQ,INE455I01029
Kec International Ltd.,CONSTRUCTION,KEC,EQ,INE389H01022
Kewal Kiran Clothing Ltd.,TEXTILES,KKCL,EQ,INE401H01017
Kitex Garments Ltd.,TEXTILES,KITEX,EQ,INE602G01020
Kolte-Patil Developers Ltd.,CONSTRUCTION,KOLTEPATIL,EQ,INE094I01018
Kotak Mahindra Bank Ltd.,FINANCIAL SERVICES,KOTAKBANK,EQ,INE237A01028
L&T Finance Holdings Ltd.,FINANCIAL SERVICES,L&TFH,EQ,INE498L01015
LG Balakrishnan & Bros Ltd.,AUTOMOBILE,LGBBROSLTD,EQ,INE337A01034
LIC Housing Finance Ltd.,FINANCIAL SERVICES,LICHSGFIN,EQ,INE115A01026
La Opala RG Ltd.,CONSUMER GOODS,LAOPALA,EQ,INE059D01020
Lakshmi Machine Works Ltd.,INDUSTRIAL MANUFACTURING,LAXMIMACH,EQ,INE269B01029
Lakshmi Vilas Bank Ltd.,FINANCIAL SERVICES,LAKSHVILAS,EQ,INE694C01018
Lanco Infratech Ltd.,ENERGY,LITL,EQ,INE785C01048
Larsen & Toubro Ltd.,CONSTRUCTION,LT,EQ,INE018A01030
Linde India Ltd.,CHEMICALS,LINDEINDIA,EQ,INE473A01011
Lupin Ltd.,PHARMA,LUPIN,EQ,INE326A01037
MBL Infrastructures Ltd.,CONSTRUCTION,MBLINFRA,EQ,INE912H01013
MMTC Ltd.,SERVICES,MMTC,EQ,INE123F01029
MOIL Ltd.,METALS,MOIL,EQ,INE490G01020
MRF Ltd.,AUTOMOBILE,MRF,EQ,INE883A01011
MT Educare Ltd.,SERVICES,MTEDUCARE,EQ,INE472M01018
Magma Fincorp Ltd.,FINANCIAL SERVICES,MAGMA,EQ,INE511C01022
Maharashtra Scooters Ltd.,AUTOMOBILE,MAHSCOOTER,EQ,INE288A01013
Maharashtra Seamless Ltd.,METALS,MAHSEAMLES,EQ,INE271B01025
Mahindra & Mahindra Financial Services Ltd.,FINANCIAL SERVICES,M&MFIN,EQ,INE774D01024
Mahindra & Mahindra Ltd.,AUTOMOBILE,M&M,EQ,INE101A01026
Mahindra Holidays & Resorts India Ltd.,SERVICES,MHRIL,EQ,INE998I01010
Mahindra Lifespace Developers Ltd.,CONSTRUCTION,MAHLIFE,EQ,INE813A01018
Mangalore Refinery & Petrochemicals Ltd.,ENERGY,MRPL,EQ,INE103A01014
Marico Ltd.,CONSUMER GOODS,MARICO,EQ,INE196A01026
Marksans Pharma Ltd.,PHARMA,MARKSANS,EQ,INE750C01026
Maruti Suzuki India Ltd.,AUTOMOBILE,MARUTI,EQ,INE585B01010
Mayur Uniquoters Ltd.,TEXTILES,MAYURUNIQ,EQ,INE040D01038
McLeod Russel India Ltd.,CONSUMER GOODS,MCLEODRUSS,EQ,INE942G01012
Mercator Ltd.,METALS,MERCATOR,EQ,INE934B01028
Merck Ltd.,PHARMA,MERCK,EQ,INE199A01012
Metalyst Forgings Ltd.,INDUSTRIAL MANUFACTURING,METALFORGE,EQ,INE425A01011
MindTree Ltd.,IT,MINDTREE,EQ,INE018I01017
Monsanto India Ltd.,FERTILISERS & PESTICIDES,MONSANTO,EQ,INE274B01011
Motherson Sumi Systems Ltd.,AUTOMOBILE,MOTHERSUMI,EQ,INE775A01035
Motilal Oswal Financial Services Ltd.,FINANCIAL SERVICES,MOTILALOFS,EQ,INE338I01027
MphasiS Ltd.,IT,MPHASIS,EQ,INE356A01018
Munjal Showa Ltd.,AUTOMOBILE,MUNJALSHOW,EQ,INE577A01027
Muthoot Finance Ltd.,FINANCIAL SERVICES,MUTHOOTFIN,EQ,INE414G01012
NATCO Pharma Ltd.,PHARMA,NATCOPHARM,EQ,INE987B01026
NCC Ltd.,CONSTRUCTION,NCC,EQ,INE868B01028
NDTV Ltd.,MEDIA & ENTERTAINMENT,NDTV,EQ,INE155G01029
NHPC Ltd.,ENERGY,NHPC,EQ,INE848E01016
NIIT Ltd.,IT,NIITLTD,EQ,INE161A01038
NIIT Technologies Ltd.,IT,NIITTECH,EQ,INE591G01017
NMDC Ltd.,METALS,NMDC,EQ,INE584A01023
NOCIL Ltd.,CHEMICALS,NOCIL,EQ,INE163A01018
NTPC Ltd.,ENERGY,NTPC,EQ,INE733E01010
National Aluminium Co. Ltd.,METALS,NATIONALUM,EQ,INE139A01034
National Buildings Construction Corporation Ltd.,CONSTRUCTION,NBCC,EQ,INE095N01015
Nava Bharat Ventures Ltd.,ENERGY,NBVENTURES,EQ,INE725A01022
Navneet Education Ltd.,MEDIA & ENTERTAINMENT,NAVNETEDUL,EQ,INE060A01024
Network18 Media & Investments Ltd.,MEDIA & ENTERTAINMENT,NETWORK18,EQ,INE870H01013
Neyveli Lignite Corporation Ltd.,ENERGY,NEYVELILIG,EQ,INE589A01014
Nitin Fire Protection Industries Ltd.,INDUSTRIAL MANUFACTURING,NITINFIRE,EQ,INE489H01020
Noida-Toll Bridge Co. Ltd.,SERVICES,NOIDATOLL,EQ,INE781B01015
Oberoi Realty Ltd.,CONSTRUCTION,OBEROIRLTY,EQ,INE093I01010
Oil & Natural Gas Corporation Ltd.,ENERGY,ONGC,EQ,INE213A01029
Oil India Ltd.,ENERGY,OIL,EQ,INE274J01014
Omaxe Ltd.,CONSTRUCTION,OMAXE,EQ,INE800H01010
Opto Circuits (I) Ltd.,PHARMA,OPTOCIRCUI,EQ,INE808B01016
Oracle Financial Services Software Ltd.,IT,OFSS,EQ,INE881D01027
Orient Cement Ltd.,CEMENT & CEMENT PRODUCTS,ORIENTCEM,EQ,INE876N01018
Oriental Bank of Commerce,FINANCIAL SERVICES,ORIENTBANK,EQ,INE141A01014
Orissa Min Dev Co Ltd.,METALS,ORISSAMINE,EQ,INE725E01024
Oswal Chemicals & Fertilizers Ltd.,CONSTRUCTION,BINDALAGRO,EQ,INE143A01010
PI Industries Ltd.,FERTILISERS & PESTICIDES,PIIND,EQ,INE603J01030
PNC Infratech Ltd.,CONSTRUCTION,PNCINFRA,EQ,INE195J01011
PTC India Fin Serv Ltd.,FINANCIAL SERVICES,PFS,EQ,INE560K01014
PTC India Ltd.,ENERGY,PTC,EQ,INE877F01012
PVR Ltd.,MEDIA & ENTERTAINMENT,PVR,EQ,INE191H01014
Page Industries Ltd.,TEXTILES,PAGEIND,EQ,INE761H01022
Parsvnath Developer Ltd.,CONSTRUCTION,PARSVNATH,EQ,INE561H01026
Patel Engineering Ltd.,CONSTRUCTION,PATELENG,EQ,INE244B01030
Peninsula Land Ltd.,CONSTRUCTION,PENINLAND,EQ,INE138A01028
Pennar Industries Ltd.,METALS,PENIND,EQ,INE932A01024
Persistent Systems Ltd.,IT,PERSISTENT,EQ,INE262H01013
Petronet LNG Ltd.,ENERGY,PETRONET,EQ,INE347G01014
Pfizer Ltd.,PHARMA,PFIZER,EQ,INE182A01018
Phoenix Mills Ltd.,CONSTRUCTION,PHOENIXLTD,EQ,INE211B01039
Pidilite Industries Ltd.,CHEMICALS,PIDILITIND,EQ,INE318A01026
Pipavav Defence and Offshore Engineering Company Ltd.,INDUSTRIAL MANUFACTURING,PIPAVAVDOC,EQ,INE542F01012
Piramal Enterprises Ltd.,PHARMA,PEL,EQ,INE140A01024
Power Finance Corporation Ltd.,FINANCIAL SERVICES,PFC,EQ,INE134E01011
Power Grid Corporation of India Ltd.,ENERGY,POWERGRID,EQ,INE752E01010
Praj Industries Ltd.,INDUSTRIAL MANUFACTURING,PRAJIND,EQ,INE074A01025
Prakash Industries Ltd.,METALS,PRAKASH,EQ,INE603A01013
Prestige Estates Projects Ltd.,CONSTRUCTION,PRESTIGE,EQ,INE811K01011
Prism Cement Ltd.,CEMENT & CEMENT PRODUCTS,PRISMCEM,EQ,INE010A01011
Procter & Gamble Hygiene & Health Care Ltd.,CONSUMER GOODS,PGHH,EQ,INE179A01014
Punj Lloyd Ltd.,CONSTRUCTION,PUNJLLOYD,EQ,INE701B01021
Punjab National Bank,FINANCIAL SERVICES,PNB,EQ,INE160A01022
Puravankara Projects Ltd.,CONSTRUCTION,PURVA,EQ,INE323I01011
Radico Khaitan Ltd,CONSUMER GOODS,RADICO,EQ,INE944F01028
Rain Industries Ltd,CHEMICALS,RAIN,EQ,INE855B01025
Rajesh Exports Ltd.,CONSUMER GOODS,RAJESHEXPO,EQ,INE343B01030
Rallis India Ltd.,FERTILISERS & PESTICIDES,RALLIS,EQ,INE613A01020
Rashtriya Chemicals & Fertilizers Ltd.,FERTILISERS & PESTICIDES,RCF,EQ,INE027A01015
Ratnamani Metals & Tubes Ltd.,METALS,RATNAMANI,EQ,INE703B01027
Raymond Ltd.,TEXTILES,RAYMOND,EQ,INE301A01014
Redington (India) Ltd.,SERVICES,REDINGTON,EQ,INE891D01026
Reliance Capital Ltd.,FINANCIAL SERVICES,RELCAPITAL,EQ,INE013A01015
Reliance Communications Ltd.,TELECOM,RCOM,EQ,INE330H01018
Reliance Industrial Infrastructure Ltd.,INDUSTRIAL MANUFACTURING,RIIL,EQ,INE046A01015
Reliance Industries Ltd.,ENERGY,RELIANCE,EQ,INE002A01018
Reliance Infrastructure Ltd.,ENERGY,RELINFRA,EQ,INE036A01016
Reliance Power Ltd.,ENERGY,RPOWER,EQ,INE614G01033
Religare Enterprises Ltd.,FINANCIAL SERVICES,RELIGARE,EQ,INE621H01010
Repco Home Finance Ltd.,FINANCIAL SERVICES,REPCOHOME,EQ,INE612J01015
Rico Auto Industries Ltd.,AUTOMOBILE,RICOAUTO,EQ,INE209B01025
Rolta India Ltd.,IT,ROLTA,EQ,INE293A01013
Ruchi Soya Industries Ltd.,CONSUMER GOODS,RUCHISOYA,EQ,INE619A01027
Rural Electrification Corporation Ltd.,FINANCIAL SERVICES,RECLTD,EQ,INE020B01018
S.E. Investments Ltd.,FINANCIAL SERVICES,SEINV,EQ,INE420C01042
SKF India Ltd.,INDUSTRIAL MANUFACTURING,SKFINDIA,EQ,INE640A01023
SKS Microfinance Ltd.,FINANCIAL SERVICES,SKSMICRO,EQ,INE180K01011
SREI Infrastructure Finance Ltd.,FINANCIAL SERVICES,SREINFRA,EQ,INE872A01014
SRF Ltd.,TEXTILES,SRF,EQ,INE647A01010
Sadbhav Engineering Ltd.,CONSTRUCTION,SADBHAV,EQ,INE226H01026
Sanofi India Ltd.,PHARMA,SANOFI,EQ,INE058A01010
Schneider Electric Infrastructure Ltd.,INDUSTRIAL MANUFACTURING,SCHNEIDER,EQ,INE839M01018
Shanthi Gears Ltd.,AUTOMOBILE,SHANTIGEAR,EQ,INE631A01022
Shipping Corporation of India Ltd.,SERVICES,SCI,EQ,INE109A01011
Shoppers Stop Ltd.,CONSUMER GOODS,SHOPERSTOP,EQ,INE498B01024
Shree Cement Ltd.,CEMENT & CEMENT PRODUCTS,SHREECEM,EQ,INE070A01015
Shree Renuka Sugars Ltd.,CONSUMER GOODS,RENUKA,EQ,INE087H01022
Shrenuj & Co. Ltd.,CONSUMER GOODS,SHRENUJ,EQ,INE633A01028
Shriram City Union Finance Ltd.,FINANCIAL SERVICES,SHRIRAMCIT,EQ,INE722A01011
Shriram Transport Finance Co. Ltd.,FINANCIAL SERVICES,SRTRANSFIN,EQ,INE721A01013
Siemens Ltd.,INDUSTRIAL MANUFACTURING,SIEMENS,EQ,INE003A01024
Simplex Infrastructures Ltd.,CONSTRUCTION,SIMPLEXINF,EQ,INE059B01024
Sintex Industries Ltd.,INDUSTRIAL MANUFACTURING,SINTEX,EQ,INE429C01035
Siti Cable Network Ltd.,MEDIA & ENTERTAINMENT,SITICABLE,EQ,INE965H01011
Sobha Ltd.,CONSTRUCTION,SOBHA,EQ,INE671H01015
Sona Koyo Steering Systems Ltd.,AUTOMOBILE,SONASTEER,EQ,INE643A01035
Sonata Software Ltd.,IT,SONATSOFTW,EQ,INE269A01021
South Indian Bank Ltd.,FINANCIAL SERVICES,SOUTHBANK,EQ,INE683A01023
Srikalahasthi Pipes Ltd.,METALS,SRIPIPES,EQ,INE943C01027
State Bank of Bikaner & Jaipur Ltd.,FINANCIAL SERVICES,SBBJ,EQ,INE648A01026
State Bank of India,FINANCIAL SERVICES,SBIN,EQ,INE062A01020
State Bank of Travancore,FINANCIAL SERVICES,SBT,EQ,INE654A01024
Steel Authority of India Ltd.,METALS,SAIL,EQ,INE114A01011
Strides Shasun Ltd.,PHARMA,STAR,EQ,INE939A01011
Sun Pharma Advanced Research Company Ltd.,PHARMA,SPARC,EQ,INE232I01014
Sun Pharmaceutical Industries Ltd.,PHARMA,SUNPHARMA,EQ,INE044A01036
Sun TV Network Ltd.,MEDIA & ENTERTAINMENT,SUNTV,EQ,INE424H01027
Sundaram Finance Ltd.,FINANCIAL SERVICES,SUNDARMFIN,EQ,INE660A01013
Sundram Fasteners Ltd.,AUTOMOBILE,SUNDRMFAST,EQ,INE387A01021
Sunteck Realty Ltd.,CONSTRUCTION,SUNTECK,EQ,INE805D01026
Supreme Industries Ltd.,INDUSTRIAL MANUFACTURING,SUPREMEIND,EQ,INE195A01028
Supreme Infrastructure India Ltd.,CONSTRUCTION,SUPREMEINF,EQ,INE550H01011
Supreme Petrochem Ltd.,CHEMICALS,SUPPETRO,EQ,INE663A01017
Suven Life Sciences Ltd.,PHARMA,SUVEN,EQ,INE495B01038
Suzlon Energy Ltd.,INDUSTRIAL MANUFACTURING,SUZLON,EQ,INE040H01021
Swan Energy Ltd.,CONSTRUCTION,SWANENERGY,EQ,INE665A01038
Swaraj Engines Ltd.,INDUSTRIAL MANUFACTURING,SWARAJENG,EQ,INE277A01016
Symphony Ltd.,CONSUMER GOODS,SYMPHONY,EQ,INE225D01027
Syndicate Bank,FINANCIAL SERVICES,SYNDIBANK,EQ,INE667A01018
TD Power Systems Ltd.,INDUSTRIAL MANUFACTURING,TDPOWERSYS,EQ,INE419M01019
TTK Prestige Ltd.,CONSUMER GOODS,TTKPRESTIG,EQ,INE690A01010
TV Today Network Ltd.,MEDIA & ENTERTAINMENT,TVTODAY,EQ,INE038F01029
TV18 Broadcast Ltd.,MEDIA & ENTERTAINMENT,TV18BRDCST,EQ,INE886H01027
TVS Motor Company Ltd.,AUTOMOBILE,TVSMOTOR,EQ,INE494B01023
Tamil Nadu Newsprint & Papers Ltd.,PAPER,TNPL,EQ,INE107A01015
Tata Chemicals Ltd.,CHEMICALS,TATACHEM,EQ,INE092A01019
Tata Coffee Ltd.,CONSUMER GOODS,TATACOFFEE,EQ,INE493A01027
Tata Communications Ltd.,TELECOM,TATACOMM,EQ,INE151A01013
Tata Consultancy Services Ltd.,IT,TCS,EQ,INE467B01029
Tata Elxsi Ltd.,IT,TATAELXSI,EQ,INE670A01012
Tata Global Beverages Ltd.,CONSUMER GOODS,TATAGLOBAL,EQ,INE192A01025
Tata Investment Corporation Ltd.,FINANCIAL SERVICES,TATAINVEST,EQ,INE672A01018
Tata Motors Ltd.,AUTOMOBILE,TATAMOTORS,EQ,INE155A01022
Tata Power Co. Ltd.,ENERGY,TATAPOWER,EQ,INE245A01021
Tata Sponge Iron Ltd.,METALS,TATASPONGE,EQ,INE674A01014
Tata Steel Ltd.,METALS,TATASTEEL,EQ,INE081A01012
Tech Mahindra Ltd.,IT,TECHM,EQ,INE669C01036
Techno Elt & Eng Co. Ltd.,CONSTRUCTION,TECHNO,EQ,INE286K01024
The Ramco Cements Ltd.,CEMENT & CEMENT PRODUCTS,RAMCOCEM,EQ,INE331A01037
Thermax Ltd.,INDUSTRIAL MANUFACTURING,THERMAX,EQ,INE152A01029
Thomas Cook (India) Ltd.,SERVICES,THOMASCOOK,EQ,INE332A01027
Titan Company Ltd.,CONSUMER GOODS,TITAN,EQ,INE280A01028
Torrent Pharmaceuticals Ltd.,PHARMA,TORNTPHARM,EQ,INE685A01028
Torrent Power Ltd.,ENERGY,TORNTPOWER,EQ,INE813H01021
Tree House Education & Accessories Ltd.,SERVICES,TREEHOUSE,EQ,INE040M01013
Trent Ltd.,CONSUMER GOODS,TRENT,EQ,INE849A01012
Tribhovandas Bhimji Zaveri Ltd.,CONSUMER GOODS,TBZ,EQ,INE760L01018
Trident Ltd.,TEXTILES,TRIDENT,EQ,INE064C01014
Tube Investments of India Ltd.,AUTOMOBILE,TUBEINVEST,EQ,INE149A01025
UCO Bank,FINANCIAL SERVICES,UCOBANK,EQ,INE691A01018
UFLEX Ltd.,INDUSTRIAL MANUFACTURING,UFLEX,EQ,INE516A01017
UPL Ltd.,FERTILISERS & PESTICIDES,UPL,EQ,INE628A01036
UltraTech Cement Ltd.,CEMENT & CEMENT PRODUCTS,ULTRACEMCO,EQ,INE481G01011
Unichem Laboratories Ltd.,PHARMA,UNICHEMLAB,EQ,INE351A01035
Union Bank of India,FINANCIAL SERVICES,UNIONBANK,EQ,INE692A01016
Unitech Ltd.,CONSTRUCTION,UNITECH,EQ,INE694A01020
United Breweries Ltd.,CONSUMER GOODS,UBL,EQ,INE686F01025
United Spirits Ltd.,CONSUMER GOODS,MCDOWELL-N,EQ,INE854D01016
Usha Martin Ltd.,METALS,USHAMART,EQ,INE228A01035
Uttam Galva Steels Ltd.,METALS,UTTAMSTL,EQ,INE699A01011
V.I.P. Industries Ltd.,CONSUMER GOODS,VIPIND,EQ,INE054A01027
VRL Logistics Ltd.,SERVICES,VRLLOG,EQ,INE366I01010
VST Industries Ltd.,CONSUMER GOODS,VSTIND,EQ,INE710A01016
Va Tech Wabag Ltd.,SERVICES,WABAG,EQ,INE956G01038
Vaibhav Global Ltd.,CONSUMER GOODS,VAIBHAVGBL,EQ,INE884A01019
Vakrangee Ltd.,IT,VAKRANGEE,EQ,INE051B01021
Vardhman Textiles Ltd.,TEXTILES,VTL,EQ,INE825A01012
Vedanta Ltd.,METALS,VEDL,EQ,INE205A01025
Vesuvius India Ltd.,INDUSTRIAL MANUFACTURING,VESUVIUS,EQ,INE386A01015
Videocon Industries Ltd.,CONSUMER GOODS,VIDEOIND,EQ,INE703A01011
Vijaya Bank,FINANCIAL SERVICES,VIJAYABANK,EQ,INE705A01016
Vinati Organics Ltd.,CHEMICALS,VINATIORGA,EQ,INE410B01029
Visagar Polytex Ltd.,TEXTILES,VIVIDHA,EQ,INE370E01029
Voltas Ltd.,CONSTRUCTION,VOLTAS,EQ,INE226A01021
WABCO India Ltd.,AUTOMOBILE,WABCOINDIA,EQ,INE342J01019
Welspun Corp Ltd.,METALS,WELCORP,EQ,INE191B01025
Welspun India Ltd.,TEXTILES,WELSPUNIND,EQ,INE192B01023
Wheels India Ltd.,AUTOMOBILE,WHEELS,EQ,INE715A01015
Whirlpool of India Ltd.,CONSUMER GOODS,WHIRLPOOL,EQ,INE716A01013
Wipro Ltd.,IT,WIPRO,EQ,INE075A01022
Wockhardt Ltd.,PHARMA,WOCKPHARMA,EQ,INE049B01025
Yes Bank Ltd.,FINANCIAL SERVICES,YESBANK,EQ,INE528G01019
Zee Entertainment Enterprises Ltd.,MEDIA & ENTERTAINMENT,ZEEL,EQ,INE256A01028
Zensar Technolgies Ltd.,IT,ZENSARTECH,EQ,INE520A01019
Zydus Wellness Ltd.,CONSUMER GOODS,ZYDUSWELL,EQ,INE768C01010
eClerx Services Ltd.,IT,ECLERX,EQ,INE738I01010
